1199706295189663749,1199706295189663749,text:perusing the count chocula sub reddit with a mouth full of werthers originals flavored skoal tobaco dip;
1199532489162674176,1199528886414929920,img:https://pbs.twimg.com/media/EKWYcPRUYAA71yn.jpg,text:;
1199528886414929920,1199528886414929920,text:theres gotta be a game that will make me cum in less than 4 minutes. Theres just gotta;
1199477375035035649,1199477375035035649,text:"ignorance is bliss "  No.  Any one who says this has never tried having an iq  of 200 before;
1199346053876609025,1199346053876609025,text:if you "clap back" someone with a PhD on here, you should be allowed to have their PhD. Its just common sense people. Oh that's tea;
1199194392109576192,1199194392109576192,img:https://pbs.twimg.com/media/EKRk8a6VUAAQufo.jpg,text:donalds crime;
1199132791687925760,1199132791687925760,text:the first rate service at long horn steak house pittsburgh blasted my ass hole wide open, their dedicated waitstaff had me Nuts over Ass;
1199077465588502528,1199077465588502528,text:the new NIssan Altima branded bean bag chair is a SLAP IN THE FACE!! to all lnissan Altima loyalists and people who enjoy car commercials;
1199056853767839744,1199056853767839744,img:https://pbs.twimg.com/media/EKPn2qSVUAEh4vs.jpg,text:;
1199054192825925632,1199054192825925632,text:might siphon a bunch of free flu shots into a big fake arm an d bottle it up and sell it for $5;
1198713476157333504,1198713476157333504,text:for the second time in november iit is now international mens day. Wow;
1198408178766974976,1198408178766974976,text:"I do not look at the numbers beneaht the post. I only look at the letters, of the post, that are used to write the words of the post" -WINT;
1198058649014300672,1198058649014300672,text:in a show of deference towards teens , the majestic mount fuji has been renamed to ``Teen mountain`` , in a move that is sure to piss me off;
1197075332219621382,1197075332219621382,img:https://pbs.twimg.com/media/EJzdq36UYAAtA1k.jpg,text:none of this shit is even from the future. is that a bee hive? Fuck you;
1197071634831511557,1197071634831511557,text:you turn on the tv on to one of the hipster channels and theyre saying we need to start pooping in bags now. i will never poop in a bag;
1197069839501676544,1197069839501676544,text:ive mastered every hypothetical social situation by reading posts on here and am now ready to talk to my step mom with out flipping out,;
1196881880018063360,1196881880018063360,text:theoretically , tips could be done away with entirely if i were allowed to enter the kitchen and personally retrieve my entrees ChefToTable;
1196510371982430209,1196510371982430209,text:Seems to me today would be an excellent day to browse some of my Legacy Posts, from the Heirloom Collection, and throw them a retweet or two;
1196361836183994369,1196361836183994369,text:i now have over 100 comments that the media refuses to let me apologize for and the trolls got my Ass over a barral;
1195756065486360576,1195756065486360576,text:every person on your "Who to follow" list writes articles called "No more Mr Family Guy" because peter griffin showed his penis or something;
1195746470265151488,1195746470265151488,text:the nerve of this fucking mom and pop pizza joint hanging a framed $1 bill up. alright pal you're rich, we get it;
1195735756502786050,1195735756502786050,text:look what youve gone and done.  youve shit-eated yourself again;
1195731974750490626,1195731974750490626,text:warming my nuts on your daily coffeecup;
1195730846088486912,1195730846088486912,img:https://pbs.twimg.com/media/EJgW3hdU8AAjT9_.jpg,text:ive had more threads locked than any man on the planet. ive had my address posted 1000+ times. i get ``Owned`` so much that i look like shit;
1195729061672189952,1195729061672189952,text:account Status; Verified.  To the chagrin of all Shit Accounts, This is now a LOCKED PAGE . I am the rat of life. I am the bitch of forever;
1195693727324368897,1195693727324368897,text:Make America Shit My Pants;
1195500379393286145,1195500379393286145,text:was gonna bring back the classic "piss" gag but you cant say the word "piss" any more. theyll get ya. ford trucks .com built ford truck #ad;
1195486370220789760,1195486370220789760,text:Seems to me that we have been more becoming like a country of people who let Cell phones define our brain... FUCK !!!;
1195288979987320832,1195288979987320832,text: https://www.youtube.com/watch?v=YHwQFJRZ41M;
1194473169467297792,1194473169467297792,text:dairrhea;
1194471646628724736,1194471646628724736,text:Leaving the group chat so I can focus on my responsibilities as a Shark Tank subbreddit moderator .;
1194470423552913409,1193955593414795264,text:why are you wearing a sailor's outfit around inside of your own house you fuck face;
1194180099156742145,1194180099156742145,text:gamer knife https://twitter.com/GamerKnife/status/462187535322845184?s=20;
1194178917554196480,1194178917554196480,text:breaking into digimonotis's house at night and leaving a severed human thumb in his bed, signifying a "Thumbs down" for his disloyalty;
1193955593414795264,1193955593414795264,text:Going Very fucking hard on donald duck today.  Saying i would never want to be him, or be any part of his life.;
1193436704851415041,1193436704851415041,text:no-reply@youtube .com: We've changed our terms of service,
me: my terms of service is simply this"Shut the Fuck up";
1193154716902932480,1193154716902932480,img:https://pbs.twimg.com/media/EI7v5DBUEAshnf5.jpg,text:Cool;
1191587076476506112,1191553504168402944,text:flags are posts, because you post them;
1191559082534031362,1191559082534031362,img:https://pbs.twimg.com/media/EIlEpPpUUAA2pNw.jpg,text:#peakMale #godPerformance;
